Measure,Period,ADF_stat,ADF_p,PP_stat,PP_p,KPSS_stat,KPSS_p,agree_stationarity,error
AAPL,2023,-12.546839735334144,2.2506439600164527e-23,-12.503279225115108,2.776022055724856e-23,0.08101886474773572,0.1,True,
AAPL,2023-2024,-19.435601553250386,0.0,-19.38577657703464,0.0,0.0934833041529925,0.1,True,
AAPL,2023-2025,-12.12740968109202,1.7676105428073395e-22,-23.22626357460659,0.0,0.07568218258821927,0.1,True,
AAPL,2024,-15.011652161059224,1.053347468543282e-27,-15.025998935348511,1.0062200884106052e-27,0.17261855487400737,0.1,True,
AAPL,2024-2025,-10.877421513841803,1.3208077128900183e-19,-19.412604161699537,0.0,0.08435333568320985,0.1,True,
AAPL,2025,-6.93685487295162,1.0492525103596555e-09,-12.045371741291536,2.6726167965089705e-22,0.07142186861273343,0.1,True,
AAPL,Full,-12.12740968109202,1.7676105428073395e-22,-23.22626357460659,0.0,0.07568218258821927,0.1,True,
AIQ,2023,-12.195738289699317,1.2558259747800534e-22,-12.300292043566609,7.476866816045106e-23,0.1027291614457893,0.1,True,
AIQ,2023-2024,-19.731821468643233,0.0,-19.71913454002673,0.0,0.034999069253875206,0.1,True,
AIQ,2023-2025,-14.397063955140743,8.632107866054867e-27,-24.022107554351358,0.0,0.03283213765469519,0.1,True,
AIQ,2024,-15.572601603303823,1.9780379750836016e-28,-15.79498720434847,1.0909169296995644e-28,0.02969105046092271,0.1,True,
AIQ,2024-2025,-12.22291765858238,1.0968718478392723e-22,-20.44419255998667,0.0,0.042173950877033926,0.1,True,
AIQ,2025,-6.71257938802975,3.64904414815066e-09,-12.292897583964255,7.754767019739635e-23,0.1421751127505281,0.1,True,
AIQ,Full,-14.397063955140743,8.632107866054867e-27,-24.022107554351358,0.0,0.03283213765469519,0.1,True,
AMD,2023,-14.421820562201695,7.889002427195133e-27,-14.402788707914787,8.453951602890228e-27,0.1468774776197909,0.1,True,
AMD,2023-2024,-21.324925462795235,0.0,-21.3397051783066,0.0,0.21176875307678894,0.1,True,
AMD,2023-2025,-24.773555240712504,0.0,-24.81683593002808,0.0,0.113730246360288,0.1,True,
AMD,2024,-15.93429776585091,7.666901200905459e-29,-15.942468524479786,7.51357310445831e-29,0.1473604001700496,0.1,True,
AMD,2024-2025,-20.273899669158762,0.0,-20.299923517382297,0.0,0.13353819472319686,0.1,True,
AMD,2025,-12.289606521580074,7.881821877296782e-23,-12.343800796575273,6.035442262491723e-23,0.3592026895771849,0.0947402200098341,True,
AMD,Full,-24.773555240712504,0.0,-24.81683593002808,0.0,0.113730246360288,0.1,True,
AMZN,2023,-12.017133402493931,3.083649099376204e-22,-15.559137899435298,2.053177827090329e-28,0.09550727158633399,0.1,True,
AMZN,2023-2024,-17.6925870218872,3.566616170220693e-30,-22.020224119779478,0.0,0.06286896386962659,0.1,True,
AMZN,2023-2025,-25.07020235461899,0.0,-25.50817284468093,0.0,0.10634988141210874,0.1,True,
AMZN,2024,-12.968471155832084,3.1172109844276444e-24,-15.465000354149621,2.6752567984346268e-28,0.06251496570517266,0.1,True,
AMZN,2024-2025,-20.258856577175003,0.0,-20.44878068478737,0.0,0.0642372219102572,0.1,True,
AMZN,2025,-12.853672118274806,5.287231151469032e-24,-12.85644883107906,5.219627337671262e-24,0.20090233690219997,0.1,True,
AMZN,Full,-25.07020235461899,0.0,-25.50817284468093,0.0,0.10634988141210874,0.1,True,
ARKQ,2023,-11.883911557063769,6.086573451140374e-22,-11.885779935935942,6.028461929239236e-22,0.11721288280517748,0.1,True,
ARKQ,2023-2024,-19.736567724509392,0.0,-19.707149483071614,0.0,0.17866180171864335,0.1,True,
ARKQ,2023-2025,-13.311181849911815,6.741606559220038e-25,-23.705323083607677,0.0,0.1529430445907324,0.1,True,
ARKQ,2024,-15.729032364059623,1.2961694214401105e-28,-15.754928939683701,1.2108354538423796e-28,0.36729062251119304,0.09125404202103748,True,
ARKQ,2024-2025,-20.15474326579957,0.0,-20.189806178787247,0.0,0.20441680666665954,0.1,True,
ARKQ,2025,-12.08092519296971,2.233315692210197e-22,-12.08333122055492,2.206388795206881e-22,0.29154100589364923,0.1,True,
ARKQ,Full,-13.311181849911815,6.741606559220038e-25,-23.705323083607677,0.0,0.1529430445907324,0.1,True,
AVGO,2023,-12.866388727100235,4.9848108917924964e-24,-12.858615521144804,5.167492275694044e-24,0.0894858219231135,0.1,True,
AVGO,2023-2024,-8.453010012547796,1.6429668459216197e-13,-19.531249399674714,0.0,0.02844302629511606,0.1,True,
AVGO,2023-2025,-13.76832891006344,9.788951885317871e-26,-24.086642702031973,0.0,0.029871103655145493,0.1,True,
AVGO,2024,-6.51030795636261,1.1046464296628282e-08,-14.735649260167314,2.6180940426989318e-27,0.047466443747208285,0.1,True,
AVGO,2024-2025,-11.702412945139002,1.5572912805472466e-21,-19.987678093658985,0.0,0.0365196119653384,0.1,True,
AVGO,2025,-6.731700588194132,3.283534117659203e-09,-13.223490177933346,9.908501989863144e-25,0.2959972490917367,0.1,True,
AVGO,Full,-13.76832891006344,9.788951885317871e-26,-24.086642702031973,0.0,0.029871103655145493,0.1,True,
BOTZ,2023,-11.768353784770321,1.1050925543263463e-21,-12.033125195234177,2.8435475687823325e-22,0.18883834218114712,0.1,True,
BOTZ,2023-2024,-19.65145360099311,0.0,-19.616259937262825,0.0,0.05200674569269116,0.1,True,
BOTZ,2023-2025,-14.34811942543621,1.0326723216316904e-26,-23.600459877940757,0.0,0.045268191433228584,0.1,True,
BOTZ,2024,-15.874123005283282,8.911519366855674e-29,-16.06491536304326,5.586983695705799e-29,0.04734781132190301,0.1,True,
BOTZ,2024-2025,-20.240586963002432,0.0,-20.351808916052878,0.0,0.04877359109214416,0.1,True,
BOTZ,2025,-12.078937319821177,2.255815337795587e-22,-12.074348336598858,2.3086417651648893e-22,0.13496035311693763,0.1,True,
BOTZ,Full,-14.34811942543621,1.0326723216316904e-26,-23.600459877940757,0.0,0.045268191433228584,0.1,True,
GOOGL,2023,-13.116024548996425,1.598528220588834e-24,-13.267583770082407,8.159407040998159e-25,0.08078110779009214,0.1,True,
GOOGL,2023-2024,-20.077474813410007,0.0,-20.329145153881697,0.0,0.05027738119531651,0.1,True,
GOOGL,2023-2025,-13.614120451228322,1.8490831741624498e-25,-24.289350030633756,0.0,0.11045175617811571,0.1,True,
GOOGL,2024,-12.006520089192712,3.25430570165398e-22,-15.17729205322227,6.2687183957317915e-28,0.07189823685190197,0.1,True,
GOOGL,2024-2025,-11.670832999763114,1.8365704850091994e-21,-20.098918748142925,0.0,0.08500817355045796,0.1,True,
GOOGL,2025,-8.037661928404312,1.8836413343027844e-12,-13.003369496661193,2.6586791165946416e-24,0.19633439456055923,0.1,True,
GOOGL,Full,-13.614120451228322,1.8490831741624498e-25,-24.289350030633756,0.0,0.11045175617811571,0.1,True,
IRBO,2023,-12.947138173580589,3.436827258609927e-24,-13.046336950771833,2.1878257230484066e-24,0.1473791055459727,0.1,True,
IRBO,2023-2024,-19.649747489076564,0.0,-19.69646603772936,0.0,0.03786260289923146,0.1,True,
IRBO,2023-2025,-13.2571685535062,8.541540432643274e-25,-24.07029733589554,0.0,0.06416725708422606,0.1,True,
IRBO,2024,-14.8845814501112,1.5906132078748274e-27,-15.366816232982742,3.5517773357940276e-28,0.08552098222789552,0.1,True,
IRBO,2024-2025,-11.397936887290632,7.774998353468255e-21,-20.11735739641614,0.0,0.11433415165035528,0.1,True,
IRBO,2025,-4.82897018789001,4.785479345487412e-05,-12.238137616481664,1.0169829391584379e-22,0.23750712050221193,0.1,True,
IRBO,Full,-13.2571685535062,8.541540432643274e-25,-24.07029733589554,0.0,0.06416725708422606,0.1,True,
META,2023,-13.609485970099124,1.8852163392240568e-25,-14.130393524276124,2.3392509093437076e-26,0.10377687959639786,0.1,True,
META,2023-2024,-16.420497259379406,2.5331242327668086e-29,-22.190220379018932,0.0,0.11971108506577836,0.1,True,
META,2023-2025,-24.92752455078886,0.0,-25.041638844893427,0.0,0.12056753484850781,0.1,True,
META,2024,-13.035499556586242,2.2978406491428685e-24,-16.936155824475737,9.694531999160868e-30,0.13983182268179598,0.1,True,
META,2024-2025,-20.75103562652815,0.0,-20.730195901604436,0.0,0.0937405928471097,0.1,True,
META,2025,-11.99931481832826,3.375616570725837e-22,-11.994895705062639,3.4522871825433694e-22,0.13243076456591682,0.1,True,
META,Full,-24.92752455078886,0.0,-25.041638844893427,0.0,0.12056753484850781,0.1,True,
MSFT,2023,-14.987162642506213,1.1393555689608006e-27,-15.173925721299959,6.333873419607217e-28,0.0939438876396909,0.1,True,
MSFT,2023-2024,-16.89997346321702,1.0294973225751234e-29,-22.121451037627466,0.0,0.1660731726627178,0.1,True,
MSFT,2023-2025,-24.866468203536055,0.0,-24.931645335686373,0.0,0.09306827342923095,0.1,True,
MSFT,2024,-12.254281380433838,9.387136358752483e-23,-15.939714131574078,7.564869359947915e-29,0.11619461219296111,0.1,True,
MSFT,2024-2025,-19.85487944208826,0.0,-19.86048402720397,0.0,0.11802287891544734,0.1,True,
MSFT,2025,-11.681989248422179,1.732521347059769e-21,-11.691338918417296,1.6499444531257897e-21,0.29766586594601135,0.1,True,
MSFT,Full,-24.866468203536055,0.0,-24.931645335686373,0.0,0.09306827342923095,0.1,True,
NVDA,2023,-13.378418334557328,5.034058680327423e-25,-13.391969972803684,4.747877587381413e-25,0.15848577010283396,0.1,True,
NVDA,2023-2024,-21.877661747651366,0.0,-21.92058737210204,0.0,0.09682541748895913,0.1,True,
NVDA,2023-2025,-14.567330842125555,4.688929743066256e-27,-25.80312943122314,0.0,0.12602381416469707,0.1,True,
NVDA,2024,-17.126018230806146,7.202743845096835e-30,-17.102786054133308,7.457104975235975e-30,0.2979696332084769,0.1,True,
NVDA,2024-2025,-11.765428291939832,1.1219928779307994e-21,-21.695379142259867,0.0,0.2300593178363651,0.1,True,
NVDA,2025,-7.116025551765076,3.829038314352813e-10,-13.18993611290468,1.1495781371769799e-24,0.2530079439548928,0.1,True,
NVDA,Full,-14.567330842125555,4.688929743066256e-27,-25.80312943122314,0.0,0.12602381416469707,0.1,True,
ROBO,2023,-11.319120885252056,1.1861749258789414e-20,-11.535347996061578,3.745061352655643e-21,0.24458039811267449,0.1,True,
ROBO,2023-2024,-19.313890190154368,0.0,-19.253537059898886,0.0,0.044069137462456325,0.1,True,
ROBO,2023-2025,-23.15990341190648,0.0,-23.15680023029449,0.0,0.04763933052504173,0.1,True,
ROBO,2024,-15.801798282762924,1.0718791393468466e-28,-16.190893681908662,4.1717727394929467e-29,0.03458630711041411,0.1,True,
ROBO,2024-2025,-19.907195371816453,0.0,-19.925558714201625,0.0,0.06537942504879343,0.1,True,
ROBO,2025,-11.750840206281142,1.2102728297482283e-21,-11.788968132288668,9.93114564703685e-22,0.17250114104738332,0.1,True,
ROBO,Full,-23.15990341190648,0.0,-23.15680023029449,0.0,0.04763933052504173,0.1,True,
TSLA,2023,-5.792629692496498,4.832521391057285e-07,-12.75669913672895,8.309916320715432e-24,0.1130761023704387,0.1,True,
TSLA,2023-2024,-20.11153843237688,0.0,-20.164520511146844,0.0,0.20169761655754223,0.1,True,
TSLA,2023-2025,-23.51739804572337,0.0,-23.5230565066989,0.0,0.05378564435981889,0.1,True,
TSLA,2024,-15.415825862720768,3.0803631257940346e-28,-15.42153421730759,3.030061224039197e-28,0.4033333642689063,0.075718377470299,True,
TSLA,2024-2025,-19.53260152746749,0.0,-19.533359377026024,0.0,0.10286391036632742,0.1,True,
TSLA,2025,-11.914651905575303,5.198918599603566e-22,-11.98296929698161,3.668180702867827e-22,0.1485631741652798,0.1,True,
TSLA,Full,-23.51739804572337,0.0,-23.5230565066989,0.0,0.05378564435981889,0.1,True,
TSM,2023,-13.427543369962425,4.0739043827826907e-25,-13.426259693338915,4.096416731694713e-25,0.10834814535719664,0.1,True,
TSM,2023-2024,-21.605311538278684,0.0,-21.954201898980674,0.0,0.09140752759428415,0.1,True,
TSM,2023-2025,-15.265132318577733,4.801005641753992e-28,-25.34259266920912,0.0,0.07337136605860058,0.1,True,
TSM,2024,-16.71221066790876,1.4314476781090884e-29,-17.305420243935224,5.595790316886797e-30,0.10401345989590455,0.1,True,
TSM,2024-2025,-12.699668651399788,1.0867997374899602e-23,-21.21089506106559,0.0,0.12517434400453992,0.1,True,
TSM,2025,-5.371728798696279,3.882452509517069e-06,-12.424087981586387,4.075550153028219e-23,0.26569650714226783,0.1,True,
TSM,Full,-15.265132318577733,4.801005641753992e-28,-25.34259266920912,0.0,0.07337136605860058,0.1,True,
VIX,2023,-14.279886016185017,1.329562932745376e-26,-14.67644463295703,3.206166807216177e-27,0.053587786786147014,0.1,True,
VIX,2023-2024,-11.47768859351038,5.0835802709786474e-21,-22.631033236201223,0.0,0.03615428258944917,0.1,True,
VIX,2023-2025,-23.850852376193693,0.0,-25.568580903223907,0.0,0.03811245063004478,0.1,True,
VIX,2024,-15.562644226838106,2.033310794871464e-28,-16.915978977708917,1.0023537020114826e-29,0.02425438087262232,0.1,True,
VIX,2024-2025,-19.27473393901451,0.0,-20.521173994182405,0.0,0.016132618170037624,0.1,True,
VIX,2025,-11.10842578170644,3.712154397814662e-20,-11.17470339114849,2.5881517485357463e-20,0.0629703377162202,0.1,True,
VIX,Full,-23.850852376193693,0.0,-25.568580903223907,0.0,0.03811245063004478,0.1,True,
^GSPC,2023,-12.445036908189781,3.680713640417704e-23,-12.409730125395676,4.3709359943191377e-23,0.1155460805222966,0.1,True,
^GSPC,2023-2024,-19.709118108694103,0.0,-19.84550521096108,0.0,0.0390656104984045,0.1,True,
^GSPC,2023-2025,-13.59759582097735,1.9813064807790403e-25,-24.894387609920127,0.0,0.050157232112192585,0.1,True,
^GSPC,2024,-15.198789445948403,5.869353704741244e-28,-15.485787852263016,2.5218856957599843e-28,0.054213112962040344,0.1,True,
^GSPC,2024-2025,-11.556557172396989,3.348065476586966e-21,-21.046036770599805,0.0,0.07165170606192044,0.1,True,
^GSPC,2025,-7.1178569323595156,3.7895901800520797e-10,-12.808013871218954,6.537304216929911e-24,0.14473982890531112,0.1,True,
^GSPC,Full,-13.59759582097735,1.9813064807790403e-25,-24.894387609920127,0.0,0.050157232112192585,0.1,True,
^SOX,2023,-13.200938240287392,1.0948305255393504e-24,-13.203955535247301,1.0802908960995567e-24,0.1235735642207544,0.1,True,
^SOX,2023-2024,-21.966181286946032,0.0,-22.308144957905014,0.0,0.07343925241346609,0.1,True,
^SOX,2023-2025,-13.44823976770982,3.7280872712948995e-25,-26.2333004306951,0.0,0.06306770360293242,0.1,True,
^SOX,2024,-17.31955154498495,5.49205376890114e-30,-17.76270861523656,3.333174264259691e-30,0.09169172011693907,0.1,True,
^SOX,2024-2025,-11.312367459637999,1.2300333149181781e-20,-22.184826360143713,0.0,0.07880003742913333,0.1,True,
^SOX,2025,-7.0535490591393675,5.448170068478572e-10,-12.987637673886823,2.8561270909996386e-24,0.21885655949211805,0.1,True,
^SOX,Full,-13.44823976770982,3.7280872712948995e-25,-26.2333004306951,0.0,0.06306770360293242,0.1,True,
binary_EMA_02,2023,-5.4755229295414525,2.346458479762422e-06,-4.31682292465556,0.00041534038890377436,0.6720930172026893,0.016082452981573694,False,
binary_EMA_02,2023-2024,-7.65391323477527,1.7595435943952195e-11,-6.642970957533076,5.352137034437667e-09,0.8285476945797847,0.01,False,
binary_EMA_02,2023-2025,-8.06579500116305,1.5976478593724658e-12,-6.764241120759604,2.742817459087917e-09,0.7626343238742334,0.01,False,
binary_EMA_02,2024,-4.038107413441142,0.0012236022726521058,-5.716052560861006,7.116921043069485e-07,0.4837885709803954,0.04531788941882987,False,
binary_EMA_02,2024-2025,-5.756266442515812,5.810191274188003e-07,-5.480465815324302,2.290460528036181e-06,0.13406101093212952,0.1,True,
binary_EMA_02,2025,-2.7313176176193776,0.06877395982707925,-2.6833405297105917,0.0769657166196222,0.12974412070236935,0.1,False,
binary_EMA_02,Full,-8.06579500116305,1.5976478593724658e-12,-6.764241120759604,2.742817459087917e-09,0.7626343238742334,0.01,False,
binary_EMA_08,2023,-11.047230064841433,5.1863755566720097e-20,-10.463585921942041,1.3394429465512998e-18,0.39599856808773154,0.07887992754839157,True,
binary_EMA_08,2023-2024,-17.45026659226821,4.656940526550119e-30,-17.485426092996526,4.466057494975465e-30,0.7152433521205394,0.012159695261769148,False,
binary_EMA_08,2023-2025,-18.27854990685636,2.3110940185418043e-30,-18.421881363540805,2.1756181987677776e-30,0.5875640725524839,0.023766902495228736,False,
binary_EMA_08,2024,-4.3575366066133645,0.00035263120111188654,-14.833241798643915,1.8852313923387742e-27,0.31512635840345404,0.1,True,
binary_EMA_08,2024-2025,-6.383066258990289,2.1979494013200138e-08,-15.047451141263695,9.399283960263301e-28,0.09105392332146749,0.1,True,
binary_EMA_08,2025,-6.06415990838465,1.1928353041715845e-07,-6.1675227837239275,6.931872695893383e-08,0.10790591432523125,0.1,True,
binary_EMA_08,Full,-18.27854990685636,2.3110940185418043e-30,-18.421881363540805,2.1756181987677776e-30,0.5875640725524839,0.023766902495228736,False,
binary_normalized_AINI,2023,-13.515394965789262,2.8008316928068735e-25,-13.247599535823934,8.908900412542134e-25,0.38104726903973507,0.0853244530001142,True,
binary_normalized_AINI,2023-2024,-21.35699133358342,0.0,-21.4945001866579,0.0,0.6902145212219918,0.014435043525273472,False,
binary_normalized_AINI,2023-2025,-22.532058658450474,0.0,-22.883837446122474,0.0,0.608882940781791,0.02182882356529173,False,
binary_normalized_AINI,2024,-3.638169322410747,0.005071868536529249,-17.73347591755482,3.42679617973723e-30,0.2880788676758188,0.1,True,
binary_normalized_AINI,2024-2025,-6.450473618328851,1.5279573994316794e-08,-18.71345675228266,2.0342068559962485e-30,0.09218936445896747,0.1,True,
binary_normalized_AINI,2025,-5.583438397793946,1.3799550599305805e-06,-8.033250829185436,1.9328927173756637e-12,0.11105480538306063,0.1,True,
binary_normalized_AINI,Full,-22.532058658450474,0.0,-22.883837446122474,0.0,0.608882940781791,0.02182882356529173,False,
binary_normalized_AINI_z,2023,-13.51539496578926,2.800831692806914e-25,-13.24759953582393,8.908900412542332e-25,0.38104726903973307,0.08532445300011506,True,
binary_normalized_AINI_z,2023-2024,-21.35699133358342,0.0,-21.494500186657913,0.0,0.6902145212219957,0.01443504352527312,False,
binary_normalized_AINI_z,2023-2025,-22.532058658450474,0.0,-22.883837446122477,0.0,0.6088829407817962,0.021828823565291255,False,
binary_normalized_AINI_z,2024,-3.6381693224107634,0.005071868536528961,-17.733475917554824,3.42679617973723e-30,0.28807886767581725,0.1,True,
binary_normalized_AINI_z,2024-2025,-6.450473618328853,1.5279573994316457e-08,-18.713456752282664,2.0342068559962485e-30,0.09218936445896753,0.1,True,
binary_normalized_AINI_z,2025,-5.583438397793957,1.3799550599305064e-06,-8.033250829185457,1.9328927173754597e-12,0.1110548053830608,0.1,True,
binary_normalized_AINI_z,Full,-22.532058658450474,0.0,-22.883837446122477,0.0,0.6088829407817962,0.021828823565291255,False,
w0_EMA_02,2023,-4.919159801584324,3.2000095720332084e-05,-6.151626771769002,7.537977567590829e-08,0.3564499534760272,0.09592674419136758,True,
w0_EMA_02,2023-2024,-6.845671117466375,1.7454293389437536e-09,-8.535446360547306,1.0109390180682095e-13,0.30054362464276047,0.1,True,
w0_EMA_02,2023-2025,-4.812517371318196,5.146532671453525e-05,-7.461218170967877,5.3476766439051565e-11,0.2359074246679734,0.1,True,
w0_EMA_02,2024,-5.3954382546145085,3.4627373995232806e-06,-5.4196539363442815,3.0796876955665052e-06,0.21654065052145563,0.1,True,
w0_EMA_02,2024-2025,-3.5882256716719345,0.005990158667567889,-4.664221605342749,9.818719719243584e-05,0.2361420754109427,0.1,True,
w0_EMA_02,2025,-2.011003277187977,0.2817694831862675,-1.9239058741676545,0.3208999406876157,1.1291178248223865,0.01,False,
w0_EMA_02,Full,-4.812517371318196,5.146532671453525e-05,-7.461218170967877,5.3476766439051565e-11,0.2359074246679734,0.1,True,
w0_EMA_08,2023,-14.726517094863379,2.7007632095751053e-27,-14.639718547078706,3.640267964927026e-27,0.23237352123174365,0.1,True,
w0_EMA_08,2023-2024,-8.17249519743042,8.548130050946619e-13,-21.613688250080536,0.0,0.23825376105316384,0.1,True,
w0_EMA_08,2023-2025,-7.067380933190421,5.039496390973105e-10,-23.988543437967,0.0,0.2689727566658235,0.1,True,
w0_EMA_08,2024,-14.608749049596248,4.054780334147915e-27,-15.283799736198777,4.539878562980257e-28,0.15604271926428762,0.1,True,
w0_EMA_08,2024-2025,-5.640377045402577,1.0398205953700158e-06,-18.137703546345996,2.4958437639936807e-30,0.2679885302387956,0.1,True,
w0_EMA_08,2025,-7.1700621017408075,2.819711958569798e-10,-8.70226204651209,3.7813565000431564e-14,1.2397790105585351,0.01,False,
w0_EMA_08,Full,-7.067380933190421,5.039496390973105e-10,-23.988543437967,0.0,0.2689727566658235,0.1,True,
w0_normalized_AINI,2023,-17.83442766034186,3.123996198677096e-30,-18.06910750702312,2.6074452886961664e-30,0.21000519999136336,0.1,True,
w0_normalized_AINI,2023-2024,-8.151649894171406,9.65999079835175e-13,-26.18928188503977,0.0,0.2410645651381444,0.1,True,
w0_normalized_AINI,2023-2025,-7.144256876034398,3.263706993571684e-10,-28.261342549116357,0.0,0.28749752875537515,0.1,True,
w0_normalized_AINI,2024,-18.099947063526123,2.555365062806942e-30,-18.499946035632252,2.1212318087472156e-30,0.1636968181501728,0.1,True,
w0_normalized_AINI,2024-2025,-5.9803969960259655,1.84441934709088e-07,-21.92792728587695,0.0,0.30360974876755503,0.1,True,
w0_normalized_AINI,2025,-2.728739699558969,0.06919570792244432,-10.802194983545315,2.0045954752829823e-19,1.3554037723645378,0.01,False,
w0_normalized_AINI,Full,-7.144256876034398,3.263706993571684e-10,-28.261342549116357,0.0,0.28749752875537515,0.1,True,
w0_normalized_AINI_z,2023,-17.83442766034186,3.123996198677096e-30,-18.069107507023116,2.6074452886961664e-30,0.21000519999136316,0.1,True,
w0_normalized_AINI_z,2023-2024,-8.151649894171431,9.659990798350379e-13,-26.189281885039808,0.0,0.2410645651381502,0.1,True,
w0_normalized_AINI_z,2023-2025,-7.144256876034406,3.263706993571507e-10,-28.261342549116364,0.0,0.28749752875536877,0.1,True,
w0_normalized_AINI_z,2024,-18.09994706352613,2.555365062806942e-30,-18.499946035632266,2.1212318087472156e-30,0.16369681815017298,0.1,True,
w0_normalized_AINI_z,2024-2025,-5.980396996025937,1.8444193470911547e-07,-21.927927285876954,0.0,0.3036097487675558,0.1,True,
w0_normalized_AINI_z,2025,-2.7287396995589686,0.06919570792244441,-10.802194983545313,2.0045954752830252e-19,1.3554037723645418,0.01,False,
w0_normalized_AINI_z,Full,-7.144256876034406,3.263706993571507e-10,-28.261342549116364,0.0,0.28749752875536877,0.1,True,
w1_EMA_02,2023,-5.611347202648904,1.2015145635310507e-06,-5.466258836343721,2.455021803122301e-06,0.21480617028648555,0.1,True,
w1_EMA_02,2023-2024,-7.753739950411166,9.86284445547428e-12,-7.856738911844436,5.417503721164346e-12,0.11079773467137552,0.1,True,
w1_EMA_02,2023-2025,-5.943445155104702,2.2327826217789735e-07,-5.93766607874351,2.3003623587709284e-07,0.11773632816766869,0.1,True,
w1_EMA_02,2024,-4.668307120264287,9.647803494013716e-05,-5.323082310737035,4.9039382355924255e-06,0.27104583461769594,0.1,True,
w1_EMA_02,2024-2025,-3.888706451635965,0.0021195515060543255,-3.928603890973631,0.0018341374744032415,0.23045805110260176,0.1,True,
w1_EMA_02,2025,-2.192081813709789,0.20913184351233594,-1.5734183920473979,0.49693108027811,0.9557262327185931,0.01,False,
w1_EMA_02,Full,-5.943445155104702,2.2327826217789735e-07,-5.93766607874351,2.3003623587709284e-07,0.11773632816766869,0.1,True,
w1_EMA_08,2023,-13.313404200939452,6.676540478203948e-25,-13.14202212711595,1.4229703236583863e-24,0.14941352848904743,0.1,True,
w1_EMA_08,2023-2024,-20.16128545688886,0.0,-20.75447318373147,0.0,0.0990320967606442,0.1,True,
w1_EMA_08,2023-2025,-7.302803493026904,1.325032685325952e-10,-22.26964899204901,0.0,0.1393079483568403,0.1,True,
w1_EMA_08,2024,-8.210402198625864,6.843051761934968e-13,-16.347366278241708,2.9554094828849984e-29,0.23840196369443348,0.1,True,
w1_EMA_08,2024-2025,-4.870300905689281,3.982621367501495e-05,-16.896611595657333,1.0353199875579498e-29,0.2506001357310158,0.1,True,
w1_EMA_08,2025,-2.7329523014367796,0.06850758856916819,-6.6087391824532515,6.456969066236716e-09,0.9147921703288494,0.01,False,
w1_EMA_08,Full,-7.302803493026904,1.325032685325952e-10,-22.26964899204901,0.0,0.1393079483568403,0.1,True,
w1_normalized_AINI,2023,-16.276028442096965,3.449726901504908e-29,-16.30109070492438,3.2657296419581334e-29,0.1342514680985541,0.1,True,
w1_normalized_AINI,2023-2024,-24.797594074442042,0.0,-25.01970793464518,0.0,0.10273957336206312,0.1,True,
w1_normalized_AINI,2023-2025,-7.697700117162225,1.3653087049559733e-11,-26.94296756219495,0.0,0.15094327165561272,0.1,True,
w1_normalized_AINI,2024,-9.109620822047196,3.4275499136885936e-15,-19.397897302426404,0.0,0.2435433353861115,0.1,True,
w1_normalized_AINI,2024-2025,-5.188182946090813,9.293853578779521e-06,-21.06133781674512,0.0,0.26610060811989505,0.1,True,
w1_normalized_AINI,2025,-2.406795067572385,0.13982772882725508,-8.705596807343182,3.7077273474608366e-14,0.9916249786494817,0.01,False,
w1_normalized_AINI,Full,-7.697700117162225,1.3653087049559733e-11,-26.94296756219495,0.0,0.15094327165561272,0.1,True,
w1_normalized_AINI_z,2023,-16.276028442096973,3.4497269015048076e-29,-16.30109070492438,3.2657296419581334e-29,0.13425146809855434,0.1,True,
w1_normalized_AINI_z,2023-2024,-24.797594074442028,0.0,-25.01970793464517,0.0,0.10273957336206295,0.1,True,
w1_normalized_AINI_z,2023-2025,-7.6977001171622454,1.3653087049558243e-11,-26.94296756219494,0.0,0.1509432716556127,0.1,True,
w1_normalized_AINI_z,2024,-9.10962082204721,3.427549913688322e-15,-19.397897302426408,0.0,0.24354333538611106,0.1,True,
w1_normalized_AINI_z,2024-2025,-5.188182946090835,9.293853578778552e-06,-21.061337816745116,0.0,0.26610060811989594,0.1,True,
w1_normalized_AINI_z,2025,-2.4067950675724017,0.13982772882725042,-8.70559680734318,3.7077273474608366e-14,0.9916249786494808,0.01,False,
w1_normalized_AINI_z,Full,-7.6977001171622454,1.3653087049558243e-11,-26.94296756219494,0.0,0.1509432716556127,0.1,True,
w2_EMA_02,2023,-5.594281169861753,1.307754968943729e-06,-5.248546948970041,6.992379390643398e-06,0.16492726751937287,0.1,True,
w2_EMA_02,2023-2024,-7.867506802516078,5.088061115515154e-12,-7.945479347675389,3.2286380364541843e-12,0.08704731090376429,0.1,True,
w2_EMA_02,2023-2025,-6.143619181117729,7.862719253518869e-08,-6.233013796222013,4.9011512289300343e-08,0.18289135554927827,0.1,True,
w2_EMA_02,2024,-4.751871698522895,6.71674695294699e-05,-5.567569366207214,1.492675846930307e-06,0.1627379454185071,0.1,True,
w2_EMA_02,2024-2025,-4.014157430492689,0.0013381663846650823,-4.007787772038114,0.0013702767213491084,0.27338262640445493,0.1,True,
w2_EMA_02,2025,-1.4407537281411977,0.562589954463996,-1.2905188564203705,0.6334987083928512,1.1467658871423683,0.01,False,
w2_EMA_02,Full,-6.143619181117729,7.862719253518869e-08,-6.233013796222013,4.9011512289300343e-08,0.18289135554927827,0.1,True,
w2_EMA_08,2023,-12.957236456471826,3.281533116956748e-24,-12.62115564471167,1.5771765571150897e-23,0.1048108966978637,0.1,True,
w2_EMA_08,2023-2024,-20.219176629666162,0.0,-20.65490176322414,0.0,0.07437094589087312,0.1,True,
w2_EMA_08,2023-2025,-10.03154353096115,1.580190082743255e-17,-22.967017384346164,0.0,0.23456544611972457,0.1,True,
w2_EMA_08,2024,-10.85401593153385,1.5035835779939134e-19,-16.589142425701827,1.805463235496434e-29,0.15240662241239541,0.1,True,
w2_EMA_08,2024-2025,-5.060152377099895,1.68497385134627e-05,-18.247361633609046,2.347268792086243e-30,0.3321105855076727,0.1,True,
w2_EMA_08,2025,-2.05538918236986,0.26282681327628243,-7.463748955044332,5.270453788362737e-11,1.136394386866127,0.01,False,
w2_EMA_08,Full,-10.03154353096115,1.580190082743255e-17,-22.967017384346164,0.0,0.23456544611972457,0.1,True,
w2_normalized_AINI,2023,-15.950092097380164,7.373637749305817e-29,-15.983810671131975,6.789131210542008e-29,0.10312032813011632,0.1,True,
w2_normalized_AINI,2023-2024,-25.04487188684229,0.0,-25.18510695879988,0.0,0.06985891120852684,0.1,True,
w2_normalized_AINI,2023-2025,-8.389267745631464,2.3911227913777076e-13,-27.59746169765748,0.0,0.24864112368532773,0.1,True,
w2_normalized_AINI,2024,-12.373924481031871,5.2066612348676317e-23,-19.779556981712126,0.0,0.1569317822847573,0.1,True,
w2_normalized_AINI,2024-2025,-4.31727715246205,0.0004145859772612921,-22.30582252045633,0.0,0.35388805335319146,0.09703101148569333,True,
w2_normalized_AINI,2025,-2.2222362721458992,0.19827417754422894,-9.61704695112017,1.7490744708805453e-16,1.24289647581932,0.01,False,
w2_normalized_AINI,Full,-8.389267745631464,2.3911227913777076e-13,-27.59746169765748,0.0,0.24864112368532773,0.1,True,
w2_normalized_AINI_z,2023,-15.950092097380166,7.373637749305817e-29,-15.983810671131973,6.789131210542008e-29,0.10312032813011622,0.1,True,
w2_normalized_AINI_z,2023-2024,-25.044871886842294,0.0,-25.18510695879989,0.0,0.06985891120852657,0.1,True,
w2_normalized_AINI_z,2023-2025,-8.389267745631486,2.391122791377449e-13,-27.597461697657504,0.0,0.248641123685326,0.1,True,
w2_normalized_AINI_z,2024,-12.373924481031858,5.2066612348679667e-23,-19.77955698171212,0.0,0.1569317822847574,0.1,True,
w2_normalized_AINI_z,2024-2025,-4.317277152462052,0.00041458597726128804,-22.30582252045633,0.0,0.3538880533531921,0.09703101148569304,True,
w2_normalized_AINI_z,2025,-2.222236272145897,0.19827417754422977,-9.617046951120164,1.7490744708805948e-16,1.2428964758193208,0.01,False,
w2_normalized_AINI_z,Full,-8.389267745631486,2.391122791377449e-13,-27.597461697657504,0.0,0.248641123685326,0.1,True,
